Product Name,Price,Link
Shop on eBay,$20.00,https://ebay.com/itm/123456?itmmeta=012DEW30YG0MEEKND7NH&hash=item123546:g:acwAA9KNiJowH:sc:ShippingMethodStandard!95008!US!-1&itmprp=enc%3AbgepL1tlUHjMGCVfSTGJh%2BzsVKeJ3CQk7NizDI4BZeppuFnmyS6Ijyp8lh%2FnEw%2BWqO7uTV1Q6izE1R0T54aV8j71F4xlWfVcGft4%2FiOQhtqVXA1rW6M1atPARQRmhqUxtEPJKhKtSFgI%2Bvwlzb0GwVCtkp%3ABlBMUObkmabpYw
Shop on eBay,$20.00,https://ebay.com/itm/123456?itmmeta=012DEW30YG0MEEKND7NH&hash=item123546:g:acwAA9KNiJowH:sc:ShippingMethodStandard!95008!US!-1&itmprp=enc%3AbgepL1tlUHjMGCVfSTGJh%2BzsVKeJ3CQk7NizDI4BZeppuFnmyS6Ijyp8lh%2FnEw%2BWqO7uTV1Q6izE1R0T54aV8j71F4xlWfVcGft4%2FiOQhtqVXA1rW6M1atPARQRmhqUxtEPJKhKtSFgI%2Bvwlzb0GwVCtkp%3ABlBMUObkmabpYw
"HP EliteBook x360 1040 G6 i7 8665U 1.90GHz 16GB RAM 256GB SSD 14"" FHD Touch Win",$253.29,https://www.ebay.com/itm/203832591099?_skw=laptop&itmmeta=01JP9Y4W801XS59P0FZN45X5HN&hash=item2f755e82fb:g:uDoAAOSwzzlmTBH0&itmprp=enc%3AAQAKAAAA4FkggFvd1GGDu0w3yXCmi1doX4gHu4V12daPI6gYIRHUQAPGzHtApyXlBYZSTyTNMVX5fSKCJYwFDLNAJdJS%2BBvZcYozmkTfyt0ivtFdbfTAccYt5cKEzwAPHChMfxJdSHNK9iY%2BrTYn020XVmR4qnrVWG8noyv8MX%2BOJBD3du3ZHqdNLpumcEo2fxOESaABvqsOA846RwnSCeNwZobdvF3l7nO%2BeSeL5%2FVBH8bAGeeBfzJn45nUx5XZUNlv2dckQ36%2FO6D9%2Fuuqwj6YWizaiSRlATM5JW2yP86U%2BUXii%2BAC%7Ctkp%3ABFBMtMSTvrJl
Alienware 17 R2 Intel Core i7-4620HQ Laptop (17) 16 GB RAM GTX 970M Windows 10,$242.39,https://www.ebay.com/itm/197106777382?_skw=laptop&itmmeta=01JP9Y4W80S1E7YJVPNQS01ATY&hash=item2de47abd26:g:VUEAAeSwXIRn0jXu&itmprp=enc%3AAQAKAAAA4FkggFvd1GGDu0w3yXCmi1cLL9EWJ%2BTspT0Qq2nJBLCpWkn1I4HJDm5Dr8LE0XZbT37ssZ2w3Izrqxu%2Bunqg2xNWVOX7NS3yaDabL0cSUC7t8v2KTbIP40lxVCJHfnoIvNMaiemA6rlTqovwStllTJx6crUNkycboHlXoCkPPx0Byz1esUF0L51MEqoySSqzrMTnEagd4UvSYooUxBLdfWNavfWJniAjW8Xv3P1g8pfVANNzunXHMb1qyDHvzMNpkCHn2bbCxQc6BNLTvEOcKMi%2FK0kFGnplXF7j19ggy4ld%7Ctkp%3ABFBMtMSTvrJl
"Dell Latitude 5310 13.3"" FHD Laptop Core i7 4.9GHz 16GB RAM 256GB SSD Windows 11",$274.54,https://www.ebay.com/itm/256496543516?_skw=laptop&itmmeta=01JP9Y4W80J0052DFDTVHJ2J0K&hash=item3bb862a71c:g:j7UAAOSwhtJnvQib&itmprp=enc%3AAQAKAAAA4FkggFvd1GGDu0w3yXCmi1d3o97uDKize%2FM5ozv1GLw72ug%2FDWYfUDB33Tnm%2Bo4uy9jauTvLyFecewLViA9QRwKEseezrPEPFKuA9WEG5%2BC5yUthT12OKk2W07TkFpTwS%2BZgq%2FtgE%2FrX4azNZV15ohwmfBTwFe5CDJN5XdjQrxhLaqOLTeyy7mKBwt%2FjftNg0ThUFghOuoz3qMNj8RfFE0mo%2FA4vLlkpW8S7CpYJA46%2Bhp0EbaYMvBqRqiaZAlDMh1rXcFVIgD3bcC6%2B0FZYEqxlQudUSH9b9fl3TjjPXug7%7Ctkp%3ABFBMtsSTvrJl
"CHUWI - 14.1"" Laptop - Intel Celeron 2.8GH- 8GB Memory - 256GB SSD - HDMI Silver",$118.80,https://www.ebay.com/itm/335503508427?_skw=laptop&itmmeta=01JP9Y4W80NGXKGD8QRYG3Q18A&hash=item4e1d9143cb:g:zfwAAOSwFflmC-Nt&itmprp=enc%3AAQAKAAAA4FkggFvd1GGDu0w3yXCmi1eUtLVYHrR9qKFpU%2Fzq4tIFJUkies5zA2V2vKeG%2BU%2FRwAmK%2FlHMIuNwMGbI%2FJdlJP9LOuWArC77neviC0LYEqJx7CE6U%2BEcJIvsIslaP%2BTlsm1ulUlHEbZ30j9WjL%2FpG0yvK%2FpOXa0F9ROgIHZzMsJkqGP14JJnDPtkZkbPjq4N7OoEDBKMlyo4U6hG%2BAIlaRFp6%2FQWZDGqsmzlmm1yaFEJo%2FxfhyFyirx8%2BJNNssUm5wF7GskIqepAzsnimqSf3ijX4QUrX4UV0rCYCCG9sp7z%7Ctkp%3ABFBMtsSTvrJl
"HP ProBook Laptop 11.6"" Touchscreen Pentium Silver 4GB RAM 128GB SSD Windows 10",$137.62,https://www.ebay.com/itm/254654754368?_skw=laptop&itmmeta=01JP9Y4W80QQBWX9SAKJTVJXYF&hash=item3b4a9b2e40:g:Q24AAOSwAAtnyk4F&itmprp=enc%3AAQAKAAAAwFkggFvd1GGDu0w3yXCmi1eMfNFKRVQEeEaZALtgssOn8rwLSUupwozYpJVfsFq3RGHCV4YeWvjcL8ZDKl%2B9JO4vPZinlheoBJMYfdOCSpVPU914B0chX08bZJfPBFUrTEIub2hugNqx352IGK124z15vTfbJsU1GDhdQAd5ixMJ6OVFvkkqX8nA5Er736cqY1WDs2VCvLXMcMkWUquz06yF5d8uXRrO90Wac3mF49QFBpupI%2FI7oA3hNoTRWLM1wA%3D%3D%7Ctkp%3ABk9SR7bEk76yZQ
Dell Latitude Laptop Light Gaming PC Core i7 16GB RAM 512GB SSD Windows 11 Pro,$294.15,https://www.ebay.com/itm/264714553889?_skw=laptop&itmmeta=01JP9Y4W80S1G8X62YAG9PMXB5&hash=item3da2378a21:g:8KsAAOSwqzJnx94p&itmprp=enc%3AAQAKAAAA4FkggFvd1GGDu0w3yXCmi1c9LPIiKLO7h82TA%2FMI8PcmoEpD%2FWvSjd3aEqj%2BLID6nYfI5%2FvpBZPO4U3zlEmwqBxV4zy%2BKipATypUMinfci%2F3qu8dpXPTfL%2BMEUrfHJXqTAwN4mu%2FTY4sKO%2FQZRbzyrATEmkwolfCSfpvf8p3Q%2BhwUJrYsKV2GhykE6SNP4hzx0niBtoRO6y%2BYYIXjm5Ab%2BIw1hRI0nYLiX0hcgEXN6keJd%2Fi%2Bds5b%2Bs5YZD%2FqLxtET4j4fK1DXhnqVBDZbBvBdL6omhIJofP1xvuyg0vdVxV%7Ctkp%3ABk9SR7bEk76yZQ
"HP ProBook 640 G5 14"" HD Laptop Computer Core i5 16GB RAM 256GB SSD Windows 11",$198.03,https://www.ebay.com/itm/283951308518?_skw=laptop&itmmeta=01JP9Y4W80MGSSSJTCPSCJB70C&hash=item421cd11ee6:g:XxkAAOSwGlZnyPx7&itmprp=enc%3AAQAKAAAAwFkggFvd1GGDu0w3yXCmi1cKy5%2F51Uat4DtiiWmVSUqqXG%2BKFZ1HRxdPG6Grb%2FFNiXHXGoa%2BsJHFq5qhgKEf4LkZPMIHMUYoN2EYVuhX9fm1wCE%2FM%2FOJtaVnQJFalIdXMMwR%2BwlSYB3et9CgXsdjguv3csReBU9qD%2FddlPrywkGV2GYNf8PX%2FOSv%2BInsAXAoy0OVmt%2F1%2B%2FJJATjhtlDkKfRhVRyeBFoXWv9UySQDRRSWkbFMdLU6kDonQB4fM8SsbQ%3D%3D%7Ctkp%3ABk9SR7bEk76yZQ
"DELL Latitude 7400 Laptop Intel Core i5-8365U 16GB 256GB SSD 14.0"" W11P",$175.99,https://www.ebay.com/itm/387631021498?_skw=laptop&epid=27040118878&itmmeta=01JP9Y4W80V8HT95RNCH499KV3&hash=item5a409bfdba:g:6HQAAOSwytlnPNnr&itmprp=enc%3AAQAKAAAA4FkggFvd1GGDu0w3yXCmi1cCiaFHUpDhzqB3bR2%2FbjFWSW%2B7WN2j0%2Fq%2Fi7P1lH4wVb3d5naGCK8M6FBVpRG3li7B4X0j9P6CRPSmPheIYX3l6LDmcnfFMpTrtSRnEUzpZDyawQlj5RbMD2sLmgvdN1E2m%2BZI%2Fyy4UXRRim6gTOOaRRPPpTSvgoB7AOKjui8nBfxAbJXkpD2xatsBU70NlChgMcBBFUSbe3aVC9g98crrhUDGy8izwzgPBgL2Fsu79612JoU9UiJgaFJW8fLtR9%2FKBz4HqAbty218SoLTTrlQ%7Ctkp%3ABk9SR7bEk76yZQ
"2024 Lenovo IdeaPad Laptop Notebook 15.6""  Intel Processor Upto 20GB RAM 1TB SSD",$239.00,https://www.ebay.com/itm/126716305927?_skw=laptop&itmmeta=01JP9Y4W80C2HR1VCB2R85WH3V&hash=item1d80e16207:g:2YQAAOSwoqxnCBl4&itmprp=enc%3AAQAKAAAAwFkggFvd1GGDu0w3yXCmi1flwJNLaiVcuwKxhF3WZhUV4dAIvRznhBOzrRIZTboa1qAV%2FwGlLz%2BOn7z6iLgI2rFT7QQKvCUeRqE4DiimoYKXEw3d%2BbaItUoPrwhPJDR8NuzB9RN%2FzqHRhgC8%2FPKLGyeuIw44cbzNQi3ORJzEzztf3EN%2F8v8Yn0vR1T3a%2B0XqUu%2FSBIICi9eAEP64h5YfzN6tlYgFdYrZ2NBmdUsD%2BtWWx8fkJ6YjSJKaril0iOLiQQ%3D%3D%7Ctkp%3ABk9SR7bEk76yZQ
Dell Latitude Light Gaming Laptop 1920x1080 4-Core i7 32GB RAM 512GB SSD Win 11,$372.60,https://www.ebay.com/itm/256776833046?_skw=laptop&itmmeta=01JP9Y4W80FZZ9K9W9NMZ9X1Q7&hash=item3bc9178816:g:Im8AAOSwJFRnz9QZ&itmprp=enc%3AAQAKAAAAwFkggFvd1GGDu0w3yXCmi1fuEC2g%2F7LGRIcrst4ENEZcG8hi67vMph2jwAT37kWr49Qmz7LSFRTCGBBPLH1Hy4E5Lw4qyFigkufjaR4S5XMHX8kPtNDRxpaxO6Rho7RvsYra5FdBNqXgTQvDNOou5w4FmJV2nw%2B1REU%2FbGicemRWobxoDqmSEBLx%2Bc6pI0Hpbn01mRb3B8qbROtKIDocwInm1W3qToNqKs6yGD31swLVGggd2Fw10sJdTIGLauluGg%3D%3D%7Ctkp%3ABk9SR7bEk76yZQ
"Dell Latitude Laptop PC Computer 11.6"" Intel Celeron 4GB RAM 64GB SSD Windows 10",$74.62,https://www.ebay.com/itm/254170214367?_skw=laptop&itmmeta=01JP9Y4W80034DMGC034TE4BY5&hash=item3b2db9afdf:g:sM4AAOSwSPBnt-uH&itmprp=enc%3AAQAKAAAA4FkggFvd1GGDu0w3yXCmi1fWjxEmQlIHlqy%2FO4%2BLsAp12SPZLPiISgiUsIsOk4t%2BzkNmxtO6ulgZEYTGvDs%2BI1d%2FBD91ZDbD3%2Bw1XJwzimr3acASUQcdO1y%2FkEbgTx5bjJw%2FV24kDEG%2FzJvzaNhZG4io%2FH2pUSGHwxoLdFeD5xfWZDGaKgzfTsFYNzfy%2B%2B5Om7jZaxfF0yPlRxCNOWuFVeDWAgVffxCoND8A5GAeRGCp3pp5rDo2fajcTewBRzxOvUgRWNmkiyIWOBTnKLIL5ZZXIdXmhD60stUGiUkFSwgG%7Ctkp%3ABk9SR7bEk76yZQ
Dell Precision 3551 Laptop 15.6‚Äù 6-Core i7 10th 5.0GHz 16GB RAM 256GB SSD Win 11,$344.87,https://www.ebay.com/itm/267055140518?_skw=laptop&itmmeta=01JP9Y4W80M80CHJFC2SKTF0SQ&hash=item3e2dba0ea6:g:OHIAAOSwMDZn0n3a&itmprp=enc%3AAQAKAAAA4FkggFvd1GGDu0w3yXCmi1epEarSH%2B7EuVXwalubHLgTCTUg0JSZBarQP%2FevSled8PtKp9oAtxAiKDvDBlOVJ084A1wzJAcCGVOH4wRUPx9j4yLMeB2R6fctbKueolD6Li9IwXH0zje0iYQnC4ow0ywbOPtlL4eBASa4RJQgvAHeyaEV%2FGpsNYpQLh3hw8zTFaBvhm7Gx99e%2FfjZInql8IedDYDcWGztD4l9oNfahPkCiplOD%2B%2FhaHORclon1WGK%2FQMvGjXJMHxJJo39TOoRCcLgTSRwNZ7Qeq1CAwMbs954%7Ctkp%3ABk9SR7bEk76yZQ
"HP EliteBook x360 1040 G6 i7 8665U 1.90GHz 16GB RAM 256GB SSD 14"" FHD Touch Win",$228.15,https://www.ebay.com/itm/185862601967?_skw=laptop&epid=9069426605&itmmeta=01JP9Y4W80EMQGZAC8N6T2BYA5&hash=item2b46463cef:g:VRsAAOSwOFhmTGb2&itmprp=enc%3AAQAKAAAA4FkggFvd1GGDu0w3yXCmi1cVBQNsOMP8UrTJeS6DHe%2Fl9EpLqnZtaV%2FeXoPrkQrhNuVdGZzBNTDhyPwRlMj4mH1rrIlXrQXxvFi4gUZaJuYYc4BTVtj7WCOTsO61GhfBdWBFc1MkQBi0PhJ%2FtwlVsFAOheuxd2uAZ0m1YVC2p6wwbVyHvmYR%2Bcy6e0XMSD6eK1U5N4viFYWyfkk259iIbO--GkKBNAhC5wsRVnvDn2YdaavPvao8KtDVfMMHTDv%2Bmt5IA7nlfM35HA5BR9qUC%2BKlRBvcCrjzktiMRv4lCw9j%7Ctkp%3ABFBMtsSTvrJl
"Dell Latitude 3190 Laptop PC Computer 11.6"" Celeron Windows 10 4GB RAM 64GB SSD",$74.99,https://www.ebay.com/itm/264714576220?_skw=laptop&itmmeta=01JP9Y4W8046KJDA544E5NW4G1&hash=item3da237e15c:g:BbMAAOSwi4BnGydN&itmprp=enc%3AAQAKAAAA4FkggFvd1GGDu0w3yXCmi1dlU%2FFuRHTWGlZBgva2vRZX2wOCBg9xoe8p%2FO3%2Fkj7w2j9zWxRGNBCDKAA%2BWIGMnoypWD87tImogj%2Bn0l%2BRig8%2BNLSDtvIsniyExM86sTmFvqtmxvHHKw7KImgwGqpGnQ0chsNupbKUKqR5Y9oE2PmWxXerNKTLWxTwCowvQPPGOj3NAPHyex0jj%2F6shPR2UF8Ruyk3CCWs8GIaGUMeBE2usKVhV132Z%2FRLViN6Ptwg6aFopvInTaq4Huw2j2%2FGF7uf%2B6X6PjvRoE%2B50ekwPR5M%7Ctkp%3ABFBMtsSTvrJl
CHUWI HeroBook Pro 14.1 in Laptop Windows 11 Intel N4000 128g SSD Notebook PC,$108.72,https://www.ebay.com/itm/335585942713?_skw=laptop&itmmeta=01JP9Y4W80W3ZHPGKYRZ3YF496&hash=item4e227b1cb9:g:GIAAAOSwuVFmAq8C&itmprp=enc%3AAQAKAAAA4FkggFvd1GGDu0w3yXCmi1ecxw4f5Ybz3Rvz36xTddyeeI6b6rCkkgVEkcH%2Bg8BlJjX%2BAss9dx4I122qA0Q0mHw3rfuo%2Fj6TEiK9gr4byK4Tdql9O2E6%2F1g1FqV89GEDTFrOwmryW3O0JXDWWspm1tic2VCIzuxOo5I9vYwuBkuiv3RJZie94fcD3BqWBw%2BJdy4EXF3IB4FrG4Zs5U8n0CS8jHBzloGneYV31to%2BZ4%2BJoX7Ea2tt1pZh77xm3I4LtnjFlyW7DlgCwYWS92t36vuvyzS1hq65CcBhNDUGWrNb%7Ctkp%3ABFBMtsSTvrJl
"Dell Latitude Laptop 14"" HD Quad Core i5 4.1GHz 16GB RAM 256GB SSD Windows 11",$225.51,https://www.ebay.com/itm/265741526047?_skw=laptop&itmmeta=01JP9Y4W80CGZ90R91BEC23X3F&hash=item3ddf6de41f:g:LIYAAOSwhx5nyQh3&itmprp=enc%3AAQAKAAAA4FkggFvd1GGDu0w3yXCmi1eSznVYy6U99zubjtSZkyAtM%2FEtAJ%2FTbdqZ8jM6AagIJ%2Fl%2Bkh64PHngagk87SYKkRXE2hdKvLwrlQEdJ6VvBd95y4I1RXo7xREm50twHqNjErUmefvBKh9YG6aQASqx4%2Fi%2FauDAAlpA3lCvC0rr9N9u%2BuGQQlPdI1SSzZGbAnDTCzFYwiwxyK6ugyESAdTn%2BbcoOAC9vM9oQxZHOAcYEK%2FJ9SOLiBZ3ixVkYgLcnF2NXUUcLdaawPdJqVp2o97YfYhqE9dK73RB7otHwHa0cfCC%7Ctkp%3ABFBMtsSTvrJl
"2017 Apple MacBook Pro 13"" 7th Gen i5-7360U 2.30GHz 8GB RAM 256GB SSD MacOS Vent",$22.50,https://www.ebay.com/itm/267188142315?_skw=laptop&itmmeta=01JP9Y4W80816AW8WRVQH68NV3&hash=item3e35a780eb:g:7gQAAeSwuvdnzj2a&itmprp=enc%3AAQAKAAAAwFkggFvd1GGDu0w3yXCmi1fWKkQwaYNFAv0Q2jAWsN5T4wa1jCvbVzHgSCDbuslEXusI%2BbMsWxuqt%2FdoYjqARcd7eQOTrIALSaVQVGRZbHpoeGggFJhOWPvuDCcsFRzy6dUSak8sTfnYFTGz1a9uQp1VcP3Gdvn4OzXjj2sfbSV54PVk%2FB87lLxITi7SeT02vllgle418MuDSdVjN43W5zgWNgV8y62Obb5rp9djW8JkdM%2FVD78t3pudlzzelej8eQ%3D%3D%7Ctkp%3ABk9SR7bEk76yZQ
"HP 11.6"" Convertible 2N1 Touchscreen Laptop Pentium 4GB RAM 128GB SSD Windows 10",$82.10,https://www.ebay.com/itm/255653345668?_skw=laptop&itmmeta=01JP9Y4W803NHM5GZ89CNACAGA&hash=item3b86207984:g:GScAAOSw7zNnpAvV&itmprp=enc%3AAQAKAAAA4FkggFvd1GGDu0w3yXCmi1f4odS864O9GKX0UQwgtdHeKqMQB5z%2BhfMGjuqv%2FE6mK5hfyvFDJKsFZ%2BG70mvnJFlma60ZgmQL%2BqgekWAsvA%2FUz1gjuuz7--JfEdagRcUcwNf3JNy9rIYOYx119UaFWNk3RCKGOnTiUeAtAE6FYSxqSBOMfyf2BHPcM7vk9l0Y%2BAny7bEPP4%2BegxtqxQ2jU2KuES%2FJCSgIRmRdUGM5dmvUB%2BVd6SxQrfHh5U%2FEiC5IZeEZDlAamAvG0ZMCxJTtsfStm7tAd0IxIejI9DDIa5EO%7Ctkp%3ABk9SR7bEk76yZQ
"15.6"" DELL LATITUDE 5520 11th Gen I5-1145G7 2.6GHZ 256gb NVMe 16GB Win11 Office",$121.00,https://www.ebay.com/itm/256855868256?_skw=laptop&itmmeta=01JP9Y4W80CK0JTSAMPFG026Q6&hash=item3bcdcd8360:g:VS8AAeSwRs5nw1bj&itmprp=enc%3AAQAKAAAA4FkggFvd1GGDu0w3yXCmi1cUk48Fa7YT8Q8AMvxhwyktRdhhuc8FRVweFMZ%2FpBQzItMuU1nH5R3dUIHlmZV0Y82ksT6he0%2FG8XDNFP%2FQaXBShCgp6KdHq%2Bh3w3jhm2j2dqHa%2Fg%2BTVzi8h%2F1BNWHbH6L78%2BhH1pa2jRxy8rhGg327Pfwwe4vuwZDqSLcmji%2BfJB2rfDpRspbZ0VhRqaQLymsG2O4KAQ2nDe%2BFECe0pkCutc%2B2%2BaOgnwtz8C1rS%2FFe7tmFEepjTPgX05qx%2BxqPn2A6om8CiYY2jXWuX91AR0bq%7Ctkp%3ABk9SR7bEk76yZQ
HP EliteBook 845 G7 Ryzen 5 PRO 16GB RAM 256GB Linux Mint Laptop Notebook  (/...,$199.99,https://www.ebay.com/itm/235994288924?_skw=laptop&itmmeta=01JP9Y4W8088FA6WEHT6QDWSGB&hash=item36f25b131c:g:g0YAAeSwbGVny2hO&itmprp=enc%3AAQAKAAAA4FkggFvd1GGDu0w3yXCmi1e%2B2ETNvtVe7pzph%2FDVASGiejU%2BbGgz4ABnJ%2Fly32zKyFZ3kJmZ8xAWcWtAFRXpl3nIgJzwiD8V2cHe56VdZbV3fzB%2F7K4cxXr5eBm2w8qcSEzmI71n%2FHkqkivb3C3oCLNqnUcYbrCNM%2FCh1OhEh02wO6WHKgwWfMGZO7oTW94a6CyhDaXm9XRiFnuDLoDwJqA9Ka0ENZMa4Q2%2FuUMwkUi11gKRCqItlpcRF40%2FRtDwHXmjb%2Few5m0mCWDW7DIZjhaa0qeM3eW%2FmcZf5rOYEUrf%7Ctkp%3ABk9SR7bEk76yZQ
"HP EliteBook x360 1040 G6 i7 8665U 1.90GHz 16GB RAM 256GB SSD 14"" FHD Touch Win",$253.29,https://www.ebay.com/itm/203832591099?_skw=laptop&itmmeta=01JP9Y4W9A773ADFR1H9TASGMC&hash=item2f755e82fb:g:uDoAAOSwzzlmTBH0&itmprp=enc%3AAQAKAAAA4FkggFvd1GGDu0w3yXCmi1doX4gHu4V12daPI6gYIRHUQAPGzHtApyXlBYZSTyTNMVX5fSKCJYwFDLNAJdJS%2BBvZcYozmkTfyt0ivtFdbfTAccYt5cKEzwAPHChMfxJdSHNK9iY%2BrTYn020XVmR4qnpv%2B%2FUPoUJR3AXh9oKIA3uyYKIxfiRJN1w%2BeRP%2FWFr%2FY3mwGcRGGeC12lLTwe5lin74u8sUIwEUpxR3qK1IvHROSgJ%2BUMCQha4A7w3Rm%2Frk6jXNaRnO3oxMhEIBaiMbksdi2%2BuCaGZ5fxkjsPPzufOS%7Ctkp%3ABFBMgMWTvrJl
Dell Latitude Laptop Light Gaming PC Core i7 16GB RAM 512GB SSD Windows 11 Pro,$294.15,https://www.ebay.com/itm/264714553889?_skw=laptop&itmmeta=01JP9Y4W9A25N6QQY42Q1V7KDV&hash=item3da2378a21:g:8KsAAOSwqzJnx94p&itmprp=enc%3AAQAKAAAA4FkggFvd1GGDu0w3yXCmi1fTcCpsnF0NmVYy01romaqsy%2FP3l6XV5PPm6yL%2Bv20qo1V85e76fZYwS5RjReMHiwyRZPZs9icyv9qlvaQzqQqV6HbvqcU4Xu%2B31mlxeJHDbjRXruSBJV2vs6DUBxxN1TjPsdLrDqFHbFtptaCMO3bYPkoCIus1rxKFwEwgljMxBatA8PgaBKzl1uhcENyLLQEGkN15xa--Kq7egpilwNvjaGzgbpUgcjyzx%2BpFCWu5xZThKML6pnKLKYJPm5Iluxl9mz0pLZeVTOe1Tio0tucr%7Ctkp%3ABFBMgMWTvrJl
"HP EliteBook x360 1040 G6 i7 8665U 1.90GHz 16GB RAM 256GB SSD 14"" FHD Touch Win",$228.15,https://www.ebay.com/itm/185862601967?_skw=laptop&epid=9069426605&itmmeta=01JP9Y4W9A5366JJ74VEV4QN9D&hash=item2b46463cef:g:VRsAAOSwOFhmTGb2&itmprp=enc%3AAQAKAAAA4FkggFvd1GGDu0w3yXCmi1cVBQNsOMP8UrTJeS6DHe%2Fl9EpLqnZtaV%2FeXoPrkQrhNuVdGZzBNTDhyPwRlMj4mH1rrIlXrQXxvFi4gUZaJuYYc4BTVtj7WCOTsO61GhfBdWBFc1MkQBi0PhJ%2FtwlVsFBRyBpHVLc2jbR2htUedly66zYYdrsnIRQSeBDgJAgXIKHAhuuV4lbD9xAcwXVxsg18eN%2Blk8rdgARdT68YHxo89XUrP8KW%2FAKgWYqT%2F3WejgNV%2BOasxiPUFtZyec3rP57y%2Bn4z85XjDN38TTfr6Gnb%7Ctkp%3ABFBMgMWTvrJl
"Dell Latitude 3190 Laptop PC Computer 11.6"" Celeron Windows 10 4GB RAM 64GB SSD",$74.99,https://www.ebay.com/itm/264714576220?_skw=laptop&itmmeta=01JP9Y4W9AHXNB2TFSAFTRWP59&hash=item3da237e15c:g:BbMAAOSwi4BnGydN&itmprp=enc%3AAQAKAAAA4FkggFvd1GGDu0w3yXCmi1dlU%2FFuRHTWGlZBgva2vRZX2wOCBg9xoe8p%2FO3%2Fkj7w2j9zWxRGNBCDKAA%2BWIGMnoypWD87tImogj%2Bn0l%2BRig8%2BNLSDtvIsniyExM86sTmFvqtmxvHHKw7KImgwGqpGnQ0dTnjGc%2FrRUCr%2F4j%2FGVhIXoSCdmOKzoljfVc9G3kbkTPBbDb1XCe506iPYjZVTTavTcGs8hlYvehnv2v%2BKkNSq0jEBVM6nsZPl6z2jmwyt7Y%2FJD1A32%2FEsKXrB8bvfF4NwR2DPSs6vVvSSWetbSVoA%7Ctkp%3ABFBMgMWTvrJl
"Acer R11 2-in-1 Touch Chromebook Laptop 11.6"" NVIDIA 4GB RAM 16GB SSD Chrome",$64.99,https://www.ebay.com/itm/284266747244?_skw=laptop&itmmeta=01JP9Y4W9AP2M2CBXNEN879MAV&hash=item422f9e556c:g:agQAAOSwZItnq8r-&itmprp=enc%3AAQAKAAAA4FkggFvd1GGDu0w3yXCmi1ewJrdUOnAFlmvRZegrvhwW7sKIK5i9VqwfwZskGToChSr4IU35IGJ664zZ8isFzS%2BNGBYhUfDEXlmYDl%2FijKGFtzs%2FFiZqX2OJYYaYMjHSsZixTpz9XkP%2FcWmTg1Hit2ndgSm%2BnugBLmGppHAIOiQ9DutKa9FJVYZzDRyCVX1n%2Bz%2BXhMKwABPr0dftpDmiL9%2FYoYQT6kuTca468jZi%2BSlV1MHmQf94UY64Sal%2BqVQVDorjLOiPHE6eflt%2F%2BBSI00JIggY3DJi%2B4gqav6Ys1Hys%7Ctkp%3ABFBMgsWTvrJl
"Microsoft Surface Book 2 13.5"" Intel Core i7 8650U 1.90Ghz 16GB RAM 512GB SSD Wi",$238.83,https://www.ebay.com/itm/185971047240?_skw=laptop&epid=18064665193&itmmeta=01JP9Y4W9AT71NAFT7N9HZ7SBP&hash=item2b4cbcfb48:g:UBkAAOSw1cJmS8Ot&itmprp=enc%3AAQAKAAAA4FkggFvd1GGDu0w3yXCmi1f%2BcsOvuZINmGAco%2FhBZUi9KMsHpxAwMvk5p1x731y61Qbre14m6iaWZxgMLl%2FqCRu%2FAEIfKfqEUVYSZLHZ5MYT%2F4qfKm3WdlUY87xAQ%2BmQ9YVFVeWco%2B4gDHqL0WL7SywuwGpA0SCj0FtBPbGLMS8M63dYEmFpAOTha3y%2BY5dwBbhkvE1W9UZvfJBgyNuFGSOY2fwx4MP7UdYwnT8oVDVyu34Yoz5SS8kqQy26UWjsc6LRemIxswlxeNDnG91lO0q8Nkey5QtKpaAxVbl8jt2f%7Ctkp%3ABFBMgsWTvrJl
"Lenovo LOQ 15.6"" FHD 144Hz Gaming Notebook R7-7435HS 16GB RAM 512GB SSD RTX 4070",$899.99,https://www.ebay.com/itm/305718430632?_skw=laptop&itmmeta=01JP9Y4W9AYGF49QYYSD0MSY9K&hash=item472e3d0ba8:g:h88AAOSwarVne9rb&itmprp=enc%3AAQAKAAAA4FkggFvd1GGDu0w3yXCmi1cjlzY3LowBhrM2aaUPx1Sojk9RcikmNkpZoIB%2BMTPnkMSmlViLjsloBRoRxhEVTO88Nx1HnGSf8JIO70NtoreF9ENNN3LIGKHJOSSKMT1qPnFay9P6Lb%2BImxh3nleDBK971T1Nwv2VXMU76Rswc4PVyl9rpddnhPPUn%2F0Oc6Xh8mz%2BblRX1f2GMiujCqPuUyrx6n9Y%2B9aEGLmEkYJPyMtzbKoR5M3UNVxfPO%2Fu1AS8rnHgIHHhTdKbNEOUCF9ep2%2BUXq68Q0FNZZnjw31NjyyH%7Ctkp%3ABFBMgsWTvrJl
"Acer Chromebook C738T Touchscreen 2-in-1 Laptop 11.6"" 4GB RAM 16GB SSD Chrome",$59.12,https://www.ebay.com/itm/254075847053?_skw=laptop&itmmeta=01JP9Y4W9AS9P6F82VSNZW02Q1&hash=item3b2819c18d:g:gc8AAOSwF3tnm-Ux&itmprp=enc%3AAQAKAAAA4FkggFvd1GGDu0w3yXCmi1fqbfYinZnfHYxlMCiuBLaqW8Q81WvoD4AwvKpZB7VUrkoT6wom1KaWWh%2FZFjytMrfFKPCOZA3vwxbUAs%2BrS4O6IHL%2BxpTrW6v9M5IoHRGD6wcXz5FKKis4Ksh3xHsIhfkcmfdmsLnmCwUaY9lMkAnITZ3npAwzS6D0uoFqtEld5knMEmmSdsERjL6wj5F9YPP1OrVXuT89gaAjuJ%2Fidl3PjzAZVYdsGRsPrabdxTnJjL1EH8RAu5SMz9bB5olF76uKTp1tZQN7u3sTDFSln5zN%7Ctkp%3ABFBMgsWTvrJl
"Lenovo ThinkPad T470s Intel i5 7300U 2.60GHz 8GB RAM 256GB SSD 14"" FHD Win 10 -",$99.93,https://www.ebay.com/itm/186069575142?_skw=laptop&epid=22069272531&itmmeta=01JP9Y4W9ARW03FM0225C89ARZ&hash=item2b529c65e6:g:qa4AAOSwLAtmS~Tl&itmprp=enc%3AAQAKAAAA4FkggFvd1GGDu0w3yXCmi1fB%2FaRycECT2Q%2BoJ5wJqXo6dNAeX33CLUqsu%2FJ0aba%2FAz%2BavZYttNx%2FR7STSlVy6rYIM3oW3DfCGlgrCpyYxj8oXAh8iroHa35l5Z%2BRcnyTzagQnR1EUx%2BCdC0fDW5AZurgkPCDBuQiMQLxzsHpqFjZlQpJyu%2Bp%2Fck7FYIiK86sRegkNsjuaJG85S%2BAKXoID9qyBwAvwTh60%2Fnm%2FmRQWzE6yhG6Y3Oc%2BYTGYbcE%2FHWCL3aqRrWAxfCAgZnBj%2BRzmSRweDroWFD%2BufqFpY2ZRUz1%7Ctkp%3ABFBMgsWTvrJl
"New! Microsoft Surface Laptop 4 -2K Touchscreen 13.5"" Ryzen 7 16GB/512GB- Black",$499.00,https://www.ebay.com/itm/156640319317?_skw=laptop&itmmeta=01JP9Y4W9AGFWXRC1SK9SKGWVW&hash=item24787d9755:g:o24AAOSwgfZmDvbt&itmprp=enc%3AAQAKAAAA4FkggFvd1GGDu0w3yXCmi1cYKE0Rcvw9Yc%2Broaden6fdyp4m%2ByAs4A6%2BYK18Oy76EPDiIHYlKXM4c3pov7hBwldFKM8yz%2BkHLAGxbgIdT%2FF7TDNiZFEaZ%2BcPBqlMXdG%2BZWuKLjJCl4nSyUlWopBx6FYoFbfJy0NqaqGsiVFAy4r1r56m2rnJtQX6LAhWkrkT5CUaT1yMU2ipqaYWvtpecD9mAUPLIMUH6gCddH7zM4DIi%2B8od6YBy6cP83zI9Pm%2FN%2BIqwu%2FGIOvSngeEo%2F8yrfvb18Vm58ZpIYuFw4fWGYwu%7Ctkp%3ABFBMgsWTvrJl
Panasonic Toughbook CF-54 MK2 i5-6300U DUAL BATT 16GB 512GB SSD Touchscreen W11,$449.95,https://www.ebay.com/itm/156762048599?_skw=laptop&itmmeta=01JP9Y4W9A54XFNA4391WH78A8&hash=item247fbf0857:g:f7kAAOSw61JjwD0m&itmprp=enc%3AAQAKAAAA4FkggFvd1GGDu0w3yXCmi1d%2FOqObyk%2BZTYDctRSdspUP9ES1hcxBpdB9aYeeFo23Q%2BLVbwqNbEO82dHnOpVC%2FcxfeLAdNzlEOB7ZG%2FhVuaRt8NOpmA%2FUsiUIoYblfw0zyd5RKQ%2FJbDCbi0p7q7M4AWepMlDRnvFu3ZZMxUG1WvOSMRTXvi8%2B1qLnS4nsUO01e7PYgx0EdSunPjeOwdR0eQ0gh%2BR9TpbDX5VJiZE%2Brvc3vIwdCwEAUBuu6gTXQgnzOGl68TabOnbN22dqvI4LZLOYUDJHalrAGx2GPv8SNDXK%7Ctkp%3ABFBMgsWTvrJl
"Lenovo Laptop Computer ThinkPad T450 14"" HD Core i5 8GB RAM 256GB SSD Windows 10",$158.43,https://www.ebay.com/itm/254953548648?_skw=laptop&epid=28030217839&itmmeta=01JP9Y4W80219Z9WXZ5ZZXMYJ2&hash=item3b5c6a6b68:g:qBwAAOSw1d5ny6lz&itmprp=enc%3AAQAKAAAAwFkggFvd1GGDu0w3yXCmi1dS66LdKIEWCs4I3gLGgnZKD%2FXk1rU9AuoUp70vuxGRDovCWRSlITQxamzE1olD5r6P6Ocbm12NqX1fNX1XBZTXzL85QjerqqGOsmL7fUSzjLgWaN62Rm9l0Y7ihdXgBiXtPpfejaE6Snn%2Bhu1aev8rKYuSCgrNScx5j6pUQApw34JiJODU20yufSZ11grtmAUPywnjkdNEspZYSEvYBMw%2BLhhZVDxGo3U08N0X%2F2j0ag%3D%3D%7Ctkp%3ABk9SR7bEk76yZQ
No Title,$159.00,https://www.ebay.com/itm/305073734674?_skw=laptop&itmmeta=01JP9Y4W80T51495MSV36YSCW4&hash=item4707cfc412:g:ugsAAOSwDqhnvqoD&itmprp=enc%3AAQAKAAAAwFkggFvd1GGDu0w3yXCmi1d0jzlf4yOCnZ2hXAwAxrBJOfu79nYNY8XTkqD6nfK2gW34KU53%2Fme0fq67JetH2ZumRs%2F%2BWHpBYqwOkiaOxDbVGOnlpkBQblidb5l1xHoyMavCcXAevbYnsQ7Ed3gaQb7QAgBv5urA7NdYxy2LbHWC%2FHe0Z31vzpoCMGf6k0%2B2UtNwNLoX62e7WuWBkjv4yKOEbADfmF2wBsfH16jlSyIlGKkmf3G2iXUbppEmYVnhCg%3D%3D%7Ctkp%3ABk9SR7bEk76yZQ
Jumper 16'' Convertible 2 in 1 Laptop Computer 360¬∞ Touchscreen 4GB RAM 128GB,$52.00,https://www.ebay.com/itm/316476698984?_skw=laptop&itmmeta=01JP9Y4W806H7ET35BQCK70D9J&hash=item49af7b3168:g:iVMAAOSw9AVnr7fj&itmprp=enc%3AAQAKAAAAwFkggFvd1GGDu0w3yXCmi1eMt0%2BSz3w22knBgDudkNcnP63IFF09e1D%2F5wYL3YwAu9Wh1nudsi97fEkUdtPLIa3WKPQ8HWPy1lsQJLBX3eitVbyLMqAmn%2Bz8WGZJuYy0Pdp%2Fqy%2BwvEC17mRWc5Kjm5DYiS1Dgd82Bx8ieVgeobOFx0Sar02K0Lk%2BEvcpqA2LrWPI2rS8euGfSC2iAwyuuh0nNjTS9vzCW%2BI6jRhTXLsqcDZfFE%2FuMXMVYVNQWPjLxw%3D%3D%7Ctkp%3ABk9SR7jEk76yZQ
"New Dell Latitude 5401 P98H 14"" i5-9400H 2.5GHz 8GB RAM 256GB SSD",$199.99,https://www.ebay.com/itm/146445733383?_skw=laptop&itmmeta=01JP9Y4W80BFFZNQKXX6JYNTTT&hash=item2218d88e07:g:nwIAAOSw5Y9n0gfJ&itmprp=enc%3AAQAKAAAA4FkggFvd1GGDu0w3yXCmi1e7k0F28smCSof3q%2ByZdBHMQ8WPHoONA4THpR0KtTVeITGtSwzPi7ccXPz3yRyjDdeNrJwMgz9EqP2c0E%2FrvK%2F95kNeHF1qzUtAPe88mM0dODGrXqhvvnsfCPa1m3TAmx1yO4QrpWSFElswaQ9sTaayNQ%2Bp5AXCGAnimqn4FjCHfTutU245Ijt%2FsRIMAliedKXkyLsIQehkC5LXbwMQbrMVmT3mlSbMC1CLb9T98jXGgGaLNoXiEwV%2BV7TTs9teyqjyNjrzg9%2BB15%2B%2B207TneEi%7Ctkp%3ABk9SR7jEk76yZQ
"Dell Latitude 5411 14"" FHD Laptop 4-Core i5 4.6GHz 8GB RAM 256GB SSD Windows 11",$235.31,https://www.ebay.com/itm/256687932761?_skw=laptop&itmmeta=01JP9Y4W80733N75JSZ55G7V7H&hash=item3bc3cb0559:g:O2wAAOSwwrlnrtU0&itmprp=enc%3AAQAKAAAAwFkggFvd1GGDu0w3yXCmi1cPdoGtLKFZTJCLa3TwpKKA6Csj4C8SAFuTBbfnrzLXT%2F92CHRKuUxyHLHVOp3tjcqIKL4rFblPfgBV3j0gwKmXin0uAYI4IiYklAFPpz4sl50tZdgAZT5vm4LwVcH04ZSo4HiA0hZSb561b6ECmi4prsIWUYm3Wd3Ikvm88AYEk5TKJGS%2BRMC95mj%2BoFDHfPazBLU6gRWhzlQVF0NKT1LTok0hx%2Bn74vshOwNSNj6c3g%3D%3D%7Ctkp%3ABk9SR7jEk76yZQ
"HP X360 11 G3 Touchscreen 2n1 11.6"" Laptop Pentium 4GB RAM 128GB SSD Windows 10",$98.09,https://www.ebay.com/itm/264476753478?_skw=laptop&itmmeta=01JP9Y4W80VYFWYEE5HX5VDQZP&hash=item3d940afe46:g:WQkAAOSwzXtnmDYs&itmprp=enc%3AAQAKAAAA4FkggFvd1GGDu0w3yXCmi1dcwtzPGgm3YVfY%2B%2FXDlN1vk%2BNhHljmY2CSkTwTAP00TFvFTrMd1d%2Bq%2Fwp39ZoRo3iErM9V0exTbJF0xHkL5Sy3%2FG7gDmBc8swxU41OIjbACHBMBmsWgR5Loe%2FRormf5vUZE1wPKhE%2F1EDCwEPAX6qT6GlDqLngNHbS5wQTofTASzOSvf4D75lCKFYfV4RqLZCC2lA9GaXJDepPu3BHMgmOt71S%2B%2F1ztTYYg5KfCYR2RqqxFIVcqGE4wbOazvbLJVdMR4UxU8VHqLdnUlFs9kGJ%7Ctkp%3ABk9SR7jEk76yZQ
2024 HP Pavilion Laptop 15 Touch 12th Gen Intel i3 32GB RAM & 1TB SSD Win 11 Pro,$489.00,https://www.ebay.com/itm/146131418212?_skw=laptop&itmmeta=01JP9Y4W802BMV309EEYP0T124&hash=item22061c7c64:g:JIsAAOSwbnRnGrtL&itmprp=enc%3AAQAKAAAA4FkggFvd1GGDu0w3yXCmi1eTDZvrt6YvCZspKqbWivAMXSCTJ8BW1oo8p4E2SqrI4SbKHGW3hNhUlAgCD5%2FquB5r8gFLLWOBqyMs%2BE5QUNlQ%2BJeZ5VmCMbTaERd5dGHQJbuULHEUtD8lK--lKAZS%2FKtYnmYcWyArY6Zs8Lql7wXWPWDKYO4sf6YWWF1YrmBn7RkOFqcbTfQeQIX0N%2B8k0vMJ864JJa09GsSTHgJ7E9YPUHjotukB58PyM%2BAchyULz9OSeFzy2GbZh5ilxeRNt16zvUqdSubQro9EpTGrGw1Y%7Ctkp%3ABk9SR7jEk76yZQ
"Acer Chromebook C738T Touchscreen 2-in-1 Laptop 11.6"" 4GB RAM 16GB SSD Chrome",$59.12,https://www.ebay.com/itm/254075847053?_skw=laptop&itmmeta=01JP9Y4W80DMSPB9AQ773ET85A&hash=item3b2819c18d:g:gc8AAOSwF3tnm-Ux&itmprp=enc%3AAQAKAAAA4FkggFvd1GGDu0w3yXCmi1e8KAxq%2FmCY207saAc%2BP5cmVoPTsS0D3fcGMYQ6BbWSnEDQpL7jGwQxj3W6mDAZxYl1DlSspDVZK8w6RCf0tDjL4IJGmqW2IoAaturwuzpVbIPAa1Es9T6Xzexf8LMTSMWpZqahsRjHB7Y6xs3%2FBRu5T%2BIHaTzqTWegpKPRDftbld80vAjM7IlCB0dxGZdBe8hfHLGVvLurY1cBCM%2BEgKNHj1pSlR%2BfF0N6U0Ksvha41OuyodWLPHB%2BO7hP%2F92tTwywBQIbXoII7Wbj0twyrdCD%7Ctkp%3ABk9SR7jEk76yZQ
No Title,$409.00,https://www.ebay.com/itm/186872936728?_skw=laptop&itmmeta=01JP9Y4W80KED9G01EAN91ENKN&hash=item2b827eb918:g:NlMAAOSwhtRneI0r&itmprp=enc%3AAQAKAAAA4FkggFvd1GGDu0w3yXCmi1fuxoc5PXAmaqaMoznruSWdH91ancF2heKfvXpzbEEQHOU6SpNNoQDNJqg8U2FOgtWxWVNuaOHM4wGugPpLe1W%2B0I0TNTOxe5BM51bUgnac95IHWxOr31UKc0k0bAkVu4VntLOC19%2Fz1OBCO%2FV0XryLkwM3EfQSin9un9NOOAtciqN7LE7l22N7%2F5vq3DJgAQJ%2BH5yWDARuUduU6S1uodiEGPTt1N7kLBZ9XL7Qu%2FSQyJDURsRGnVtc54QbX5wNMk9f3w6f9IGn%2Ba8OaecO1y9d%7Ctkp%3ABFBMuMSTvrJl
AutoCAD Pro 2025 Bundle for Everyone üéì | Windows 10-11 Mac Instant Delivery,$108.51,https://www.ebay.com/itm/235994477098?_skw=laptop&itmmeta=01JP9Y4W80X2HKY84XW8520MZ0&hash=item36f25df22a:g:WdYAAeSwzOBn0KJU&itmprp=enc%3AAQAKAAAA4FkggFvd1GGDu0w3yXCmi1clkAydaerpb6ESsbL7TqBAvrGljKfqPwNr%2F5N4j9oDfPzWYNOIfSSl%2B4QZp2MrxOuvGe86BEd2GJtG3QVTJxbNLoiukdnJuEV9k6h8bu0nKJaHWBmP%2Fr0Zp1BOxV7H%2Fue8uLwoNR9H8QfqoaRJDsO9Awv7aonxE0gQ3gt4QZizuwoAvXNJiQBDPt%2B3mC%2F0tLDsZOLnI68tmbETavsUfIRYtDe6HU2pz3Qf87Ktx8jrHRLfvUV8YAbjF75JnwBNJburGWTzZO1mhuHoI9vslZ2v%7Ctkp%3ABFBMuMSTvrJl
Dell XPS 15 9500 Laptop 15.6‚Äù Intel i7 5.0GHz 16GB RAM 256GB SSD Win 11 NVIDIA,$547.30,https://www.ebay.com/itm/267098837538?_skw=laptop&itmmeta=01JP9Y4W80W51N5TCR91T6WM3D&hash=item3e3054d222:g:5QgAAOSwTeJn0p-S&itmprp=enc%3AAQAKAAAA4FkggFvd1GGDu0w3yXCmi1feUnbYCIUATCCfDyZBdJNreMnR2ZKy1xmwL7CWM%2FAwHmyG8%2FmoVxmz6Q6SePUwttNSAClpHoETI%2FZL3dKfI2zf9BCmIwHCASrgCt%2FpgGMI2xs1SV9f93sOA70CouDpHHlomYDqzZhoGBNTLxlRZoSSR7gu4zHvRjtGiI49xZx4OmiUHtS7o3c5H1vIPmSbeXQiiicA7umf%2BAhsWJ1vjqlMoHeVGbCem5FtPb05RMIWIHVXulSm8BH59H2O%2FfWPsmmhWV60a1grqTnkE4pYcDs9%7Ctkp%3ABFBMuMSTvrJl
Dell Latitude 5400 HD Laptop PC 14‚Äù 16GB RAM 256GB SSD 4-Core i5 Windows 11,$222.18,https://www.ebay.com/itm/256696935114?_skw=laptop&itmmeta=01JP9Y4W80050NEWVJJ3ZFMF61&hash=item3bc45462ca:g:Jp0AAOSwgqJnkvSf&itmprp=enc%3AAQAKAAAA4FkggFvd1GGDu0w3yXCmi1cCsN%2FYRJeLXQ0z61tVHkqHEuu%2ByyxGEe4Fy%2BBILlZ0TZ8C26Vv4W569NNoyOrvqmgvyhByUXCNtfsXhyh%2B3mFUrtIIPlM2dNJLFBHb9KiDcrBZu%2Fy6j%2BivDEf9BMWySKPtlkCGj4z3USB6Ehm7Y0S%2FksobaNonrrEwEFryL0%2BalK6Evu2lOUw7xB5FQKau4KHLh%2BP%2BvsFPR2T4F1xKWwPm8RXJubvllQ8BNdABGed%2Bca4yKuGrYJz4IY5s%2FTzdIIFfyhGwZ9Xw5ZTSJw4rvsa3%7Ctkp%3ABFBMuMSTvrJl
"ASUS Zenbook 14 Laptop AMD Ryzen 7 8840HS 16GB RAM 512GB SSD 14"" Touch W11H",$612.99,https://www.ebay.com/itm/296975409289?_skw=laptop&epid=7070495666&itmmeta=01JP9Y4W80WCSW1M1C2J1PHAM1&hash=item45251d2089:g:BMkAAeSw83Rnm9Jf&itmprp=enc%3AAQAKAAAAwFkggFvd1GGDu0w3yXCmi1dOH4ZFOk4rB7hFDJk%2FzcaJDN6ApfqCSsfbH1vlaEfikQCZ5RIi00%2FHvTYPZSjFxm7hHPQFz8nd81bkRVDDXIu1F0xiLeh9FM10yf%2FnKLPScjG0XWRVl8bAcBVtPGc5g1eC3VDlmtmy7kyYEAcMaDmq5a1rVJeKQjTOYNbnSPyf8mRoPqxVi5BI6q1ZfzxMlQHceC6citppqKdb%2BWNFgSizgluZz9hGHRUVVGEcUyB4%2Fg%3D%3D%7Ctkp%3ABk9SR7jEk76yZQ
Dell Latitude 7400 Laptop 14‚Äù Intel Core i5 8GB RAM 128GB SSD Windows 11 HDMI,$183.00,https://www.ebay.com/itm/286101111453?_skw=laptop&itmmeta=01JP9Y4W80HJE3YE0PX18FNXM9&hash=item429cf4829d:g:b~cAAOSwC1pnz9o~&itmprp=enc%3AAQAKAAAA4FkggFvd1GGDu0w3yXCmi1etYN1x20%2FheY7Qhciy4Bei0E5zxLaLMUdH2DagZBL5DWF2YJFoiRj2GPcLaf4BBYjpJPl4BT2pFz90JRlEbe8J%2BuUUdyXgtVFuI%2FOHLIL6FRtifIhrpR7dH32z7u6M74c2%2BwXhz2TCs1U2UEK6LUlyACghrPMG0HacTT9YGCpQkUodn9UBgOFblgTNKFB1F2BNsPtEvQHwZc0F2d2wb%2BXeCZSu4sOcEraS7TOQCWCB8fYf9F3y09WbUoR%2B3dUcTmdji6D19zGVjKHUEUYwYABw%7Ctkp%3ABk9SR7jEk76yZQ
"HP EliteBook 830 G7 Laptop PC 13.3"" 1920x1080 Core i7 32 GB DDR4 256 GB SSD",$299.99,https://www.ebay.com/itm/176816112750?_skw=laptop&itmmeta=01JP9Y4W80MMCN37BG7DJN7ZZS&hash=item292b0fc46e:g:9v8AAOSwvCBnnQdk&itmprp=enc%3AAQAKAAAA4FkggFvd1GGDu0w3yXCmi1cE%2BRrU3mYWJOLQqnmu7vq2dN1vZpNCQA1fzLqbwX33qpZI%2FvKGN1cz%2FdkGkqVBLi072F%2Bwj4r7ihbYSMmvvC9RYENKaD%2B7lthT0wTor0uZb1SRXN18yLJQvPYmgjjwYUBdQj9pcoeSYwvfZCEad7W8BCTj96wCueOrOkh4ciISicTrmc14iaiR0zbJhDCO0%2BdEffeuxXR%2Fs6MGbiRgNPwM1WTp6d3hmnQCFcI4ZVQ8lOaU5vqJR9H7vl%2F6fEv0T6SDWA1oEEio%2Ff%2FoJlX3r13L%7Ctkp%3ABk9SR7jEk76yZQ
"HP EliteBook 830 G7 13.3"" FHD Gaming Laptop PC Intel Core i7 32GB DDR4 256GB SSD",$299.99,https://www.ebay.com/itm/176822760640?_skw=laptop&itmmeta=01JP9Y4W81BZ7WZED57XM157X0&hash=item292b7534c0:g:HmEAAOSw9ulnojvQ&itmprp=enc%3AAQAKAAAAwFkggFvd1GGDu0w3yXCmi1dVrCY4RiYFqGENClOBILirOMDD85oIad9g1%2FBRugPYb%2FypZgJOYAfc1w0tbqcCiaKPmCBfXal4rx5QyC6G261tekxBv8gZUBO%2Fz%2ByGYWrva8V5O6IQ6jU4gYO9mE%2BsVoD1p4XJ3HICH9Q5dpPHunchcRFuzDZWbTPedxMfVdrvXsBUyvRCKhfhBtHl6H7s1JCcyCSm03bITN3KvT8sUZb%2FJyCR2NtfRmXMV5XedrKpYw%3D%3D%7Ctkp%3ABk9SR7jEk76yZQ
"Dell Latitude Business 13.3"" FHD Core i5 Laptop Windows 11 16GB RAM 256GB SSD",$289.26,https://www.ebay.com/itm/283987164379?_skw=laptop&epid=5031559411&itmmeta=01JP9Y4W81CMAJ79XFSJBRYTA3&hash=item421ef43cdb:g:a6MAAOSwMoBnzvpt&itmprp=enc%3AAQAKAAAAwFkggFvd1GGDu0w3yXCmi1d%2BKySyFRYDR%2B5HbOveEh%2FEEvsl4S9GSBYmPe18eHUJ4O3wdOz6AUI0WdxnW0%2Blciyyt6jlyfSPKC%2FkaZbfI3a6YievDj4VR23n5bkoAm6O%2Bph3%2FdkfBvN84b6kHPYp2SoW%2B3wghP%2BH8FYL98JhDto3QEvxWEEORftJsCH77RDmodyxyzjcdX1UcbRnMaA8YE0kk7d9vYsBEc%2BX0jHDZ28MhhAOr%2FryqthNIR9Q3XqH0A%3D%3D%7Ctkp%3ABk9SR7jEk76yZQ
Lenovo ThinkPad X1 Yoga Gen 3 Laptop 14‚Äù Core i7 4.0GHz 8GB 512GB SSD Win 11 Pro,$319.99,https://www.ebay.com/itm/286258263660?_skw=laptop&itmmeta=01JP9Y4W81E0VZVDZ94CC16A80&hash=item42a652766c:g:JucAAOSwsxdnxqdx&itmprp=enc%3AAQAKAAAA4FkggFvd1GGDu0w3yXCmi1fRhxue4lZfXmp77oCE6uKTT4oCH%2F5ZSXfmUra7QsRGc31DSYLKUwQ0MKZDcq2Fl5sHO8jd%2FQqePDDylyyFE0UWq9otWdh%2FrUQBXoLI1QFtC06jc4BOvWa7OVbO0v9kLSZroT%2FBwDciOdi4y6utGmA0cgLiqa0m6GfzjvBCcE8wPadfADsvkxHaS%2Bwszn3Mw%2FAiwx0MiLPNOXjE4z8Fzk0Rk44O3iV53MYPSfT%2B97PPsN4dyRXykBa5boCJoP5rQLDsu%2FXERPn9UY20agzTuNwt%7Ctkp%3ABk9SR7jEk76yZQ
"Dell 15.6"" Touchscreen Laptop Windows 11 Intel Core i5 4.10GHz 64GB RAM 4TB SSD",$245.00,https://www.ebay.com/itm/335720448847?_skw=laptop&itmmeta=01JP9Y4W81WY96F3GS8JPBXM86&hash=item4e2a7f834f:g:JNUAAOSwhzBnfCtl&itmprp=enc%3AAQAKAAAA4FkggFvd1GGDu0w3yXCmi1eJmcj909s7uCnUWEYgr8oHh165ZY34AYwW1cj5qrZx7R7NEycmkfJEoNY0yBrXRk8oUMzpEYrhIYUMEENBb3QfI0SqFDfBRpBKOXGIoD7ESOQFxUoNPY4LgcXTVot7hQEjm39HqXHIcEdzlz6oOsfIfp0kOJYdDZwFh%2BFZSmPUXNF4zeKkti2HicKtE2qFOcURDTEeQR9aTloQ4UTqMyGKHJQobUzP9XaexBnu8yRQBEGqch4U36hme8PG20CQrNEFjgy9ITNBdSJ92y%2BL4rw7%7Ctkp%3ABFBMuMSTvrJl
CHUWI 14.1'' Laptop- Intel Celeron - 8GB Memory - 256GB SSD - Natural Gray,$119.99,https://www.ebay.com/itm/335440300363?_skw=laptop&itmmeta=01JP9Y4W81390K1PEY5F620VDQ&hash=item4e19ccc94b:g:IfcAAOSwO9FmbBko&itmprp=enc%3AAQAKAAAA4FkggFvd1GGDu0w3yXCmi1cv8Ss3F9ESGCNrc3ZzA%2FW9CTe6gDM6XT7e%2BZBemNnnTWGlmyLglJ%2FIjlzqP%2BAmaZqfgny21w%2BRdYXctd1RPkSebojW22Ihxyx2DRsySG01GUb%2FU%2FPqXnKorl%2F6X2825LoBwX3DiK5l90t%2FyGTqZGhxRjHHTNwg%2BEeOtwkpMFZHHNFTEFQPZNkVYS%2Fk73cu3ND03SKcpTvDX%2FAO7QEQD7WgEJSyKOO0qqZPk0KBWyLFFDZ72uFVv5Ce7QrSj95dRpQ%2BFgKzzwyXfT2azKRrYkqZ%7Ctkp%3ABFBMuMSTvrJl
Lenovo IdeaPad 3 Laptop 15.6‚Äù HD Core i5 3.6GHz 12GB RAM 256GB SSD Win 11 Pro,$289.77,https://www.ebay.com/itm/256629770691?_skw=laptop&itmmeta=01JP9Y4W8139Y7BGEGN7RZZB57&hash=item3bc05389c3:g:gW0AAOSwII1nz97I&itmprp=enc%3AAQAKAAAAwFkggFvd1GGDu0w3yXCmi1ezG33OJX2do16CFHPLTANWT2I76%2FZSqcHHlT3JfAeGMsxYP32G2WYtgf43hWno7DXTn5fYRDZU0XuyPL3l4rUG7QMya9IMn3GnADz0c2Ur9OyX%2F9OuCt%2B3bDoRO7rCQJhnYlvpWVxegRdEAoKrUcib7pcnG3D4miWIk6gLZSi%2BL9kV7cWeyfmqIY2JGniDdCCDHlpTx3KhiT%2BB%2BQcLHOt3RrRUOJvNkK9Xu4k3j0zBSw%3D%3D%7Ctkp%3ABk9SR7jEk76yZQ
Dell Precision 15.6‚Äù FHD Laptop 6-Core i7 32GB RAM 512GB SSD Windows 11 NVIDIA,$379.99,https://www.ebay.com/itm/286224694034?_skw=laptop&itmmeta=01JP9Y4W81NCA4315ASJTYZ8ZR&hash=item42a4523b12:g:LgQAAOSwL0BnmDSx&itmprp=enc%3AAQAKAAAAwFkggFvd1GGDu0w3yXCmi1eDwxUQNOza%2FckOujgBqHA7GyQpF%2FdvIryUzMOb36iFkrgb5saAd6ze2XsqgK%2BcZdv9o7tREc0ZKYmfsFrp%2B4mJr%2ForFW6x%2FQssPM2o%2FYPGJvYl%2BV3FTcxYjGJNMxhkMhp1uWcDOIkKG8Y7hzWE48nrR0LPkjv1%2Bshi8Iu1Tjm6mmQ6E%2BhsQQm8xOKLiKMkGYwlgGP1aPQUsg%2FTbmIPqVfKT9EJBxf%2FEm6Y6uhwau%2FteQ%3D%3D%7Ctkp%3ABk9SR7jEk76yZQ
Dell Latitude 5420 Laptop 14 FHD Intel Core i5 1145G7 32GB 512GB SSD Win 11 Pro,$274.99,https://www.ebay.com/itm/296853503980?_skw=laptop&itmmeta=01JP9Y4W814ATSMHSTMF9ACS3P&hash=item451dd8ffec:g:Q8MAAOSwYK5nnRXS&itmprp=enc%3AAQAKAAAAwFkggFvd1GGDu0w3yXCmi1ea7%2FGFIQAL01v1WN%2BWtYi8BD4qfLRbBi8rXx2PDHJGM7%2BgL9JooanjhlJfmEYKy0i2FQzZmSUaeWupW%2BUzVTzEN9DATCOIPSohK2dMdots9Syp8Hfe6HfmVJ8vk7zihYm8sl1pfcEMcuGanoTN%2Fu%2BTQp%2FJSMX0%2Bmcq83WAwtk8rOSCEOASUV0gtDOhQoe80M2XUalt4EkNGm%2FNOXk3gInBsLRURgPIOCXQivHdQeYsIA%3D%3D%7Ctkp%3ABk9SR7rEk76yZQ
"HP Pavilion 15-ec1010nr w/Bluetooth mouse,pad& keyboard GREAT condition l!!",$120.00,https://www.ebay.com/itm/236003679347?_skw=laptop&itmmeta=01JP9Y4W81HVWN23JZRGMAEF6N&hash=item36f2ea5c73:g:E5IAAOSw4YVnm~QR&itmprp=enc%3AAQAKAAAAwFkggFvd1GGDu0w3yXCmi1fQWBDfgGZN0bwkTAf3mhFMSqsqYNm5UfEca52w2UlDhV2JswyK7zELZLgiXavMAvK8Nx2HvEJJYQNisYbgxe4SrcOOWAWbJdyfVAHzC68prbHiqaHTHNMH7iOo8%2FKfidzmWz1aqJuibSXp6tTuNBzobNG0YDgpU%2BBbgEuwylNr%2FLeClhRHTyiJlHfwlfE9sGpPzhGS%2FjY3EpcO6MJylrnl8RCBeIrklMUPjogV2jDCRg%3D%3D%7Ctkp%3ABk9SR7rEk76yZQ
"Lenovo Miix 520-12IKB 12"" 2-in-1 detachable laptop/tablet Touch 4GB Ram Win11 Pr",$90.65,https://www.ebay.com/itm/126928919776?_skw=laptop&itmmeta=01JP9Y4W81ECRH9JGDERXD6AQ4&hash=item1d8d8d9ce0:g:6yIAAOSwIpVnp4sD&itmprp=enc%3AAQAKAAAAwFkggFvd1GGDu0w3yXCmi1c35W5p9wiOFqLAAEeD86RahTUArMCb%2BwtoDmndAnungAazYRKxpkEmg8ogvQhI68I2HABKGj9T%2F1UMArpDX3hqacFA79Jbz48lI1FwfhEmzQGBNC9wzhSATB7EVSJeXbPwouAKsd11jC3BzgQU%2FHYCsPXj4hWluEgqCdm45FgN6BjuCnd3aQYu5VAhh7VEJkVe994vA2puzv0zjTRLhIo6I6ZXjLhispo7o0g%2FrDwr5w%3D%3D%7Ctkp%3ABk9SR7rEk76yZQ
"Lenovo ThinkPad T480 14"" FHD i5 8350u 16GB 512gb NVME WIFI CAM WIN 11 PRO laptop",$244.99,https://www.ebay.com/itm/226052371811?_skw=laptop&itmmeta=01JP9Y4W81Q32ACYR3B5PJ632Q&hash=item34a1c57563:g:rIwAAOSwkxVkTFbY&itmprp=enc%3AAQAKAAAAwFkggFvd1GGDu0w3yXCmi1enRhQD3rGoS5827TkhwMWA5jTVPOijEwXt%2FdwWLkSV1pEc6tKr1Fp7gKhI%2Br7gVVFQe7FETXGXzzSFeIUFYYU%2FpKVA4VRcQIKXkxInhiD0GEgTz9vFcJ9%2Bj6BuuqvwSm06h%2FLIFkRt2P59GovCWpIUYaSxPDhyhx6pWhJPppVEB0Y3D%2BuXvgWeDMXeDBVfdOqJ3EepNCMSn5%2BsHRgmfehaPK1Z%2BneYaX1bIibo3P443w%3D%3D%7Ctkp%3ABk9SR7rEk76yZQ
Open Box: HP 15.6  FHD Notebook Intel Core i5-1235U 8GB RAM 512GB SSD Natural Si,$279.99,https://www.ebay.com/itm/306130602722?_skw=laptop&itmmeta=01JP9Y4W812RB0T9HV06GWSEQE&hash=item4746ce4ae2:g:uk0AAeSwm5tnuWl2&itmprp=enc%3AAQAKAAAAwFkggFvd1GGDu0w3yXCmi1d6taOEYZZ6dtf%2FJJCGIx4t3Fd66q7D4kCv6QSRF0JKK7%2BJgWGxRAyI4Fk1IUrlZc82f8jGleGeK%2B3gaJc0PmuYuMrPEUlJbONEWiRZIoHbgyUmSQZxzAMZJkOds3mrvGvNH3AYUsK%2FphlnDKvQ0gtlzI4XIuX15fes15VJkwW11gXK8Y2TDJ4yDpgaR7vXNw6K75eaqG%2FjGuoFGEJoiv5aNiwuA7040bveB%2FMwBoUa8A%3D%3D%7Ctkp%3ABk9SR7rEk76yZQ
No Title,$179.00,https://www.ebay.com/itm/316440133075?_skw=laptop&itmmeta=01JP9Y4W81WB464HD7WE0GEXYR&hash=item49ad4d3dd3:g:NWEAAOSw8Bdnzy2y&itmprp=enc%3AAQAKAAAA4FkggFvd1GGDu0w3yXCmi1fy%2FxVGMVmX34B9LUEiFyWBXdVrsywHrRMllb8VTCaSAI3taRwF4%2FMlAL5Llf7nKJ8YDjVV5o7jUW9%2FfB31M7n56B1kgEM%2B3XBzHa%2F88potLWn5vtBmCpUJApkpk5IwLA%2BuoMoopjfCVpsZP6sEn%2FYHiplISX%2FhrxHssaqthI%2BGiApuUqm%2Ft0TlxZ7zKmpqktGqCGKt8As5OStu6lJ5lK40JTT%2B2bUmIZg3tIzzxo8mgsem21TUiH3sCGE4PsPxwtzfn5wzuIKU%2FDpLQeTnG%2FtY%7Ctkp%3ABk9SR7rEk76yZQ
Dell Latitude 7310 13.3‚Äù FHD Laptop Core i7 4.9GHz 16GB RAM 256GB SSD Windows 11,$295.60,https://www.ebay.com/itm/256715710377?_skw=laptop&itmmeta=01JP9Y4W814E504W6EW8HJZATH&hash=item3bc572dfa9:g:0sYAAOSw4ixnqqbg&itmprp=enc%3AAQAKAAAAwFkggFvd1GGDu0w3yXCmi1fc7gipvUl3u7nETmQZrqJRlI9IhdeKtMIgOfazYI%2FJ4oxm2eMTB6m9fIvgl7oI0aiH4iBCSYTUMWP%2BNQSeF9zco8OC%2BFnWeYB9eXksfM36hwg9C81tMf7j2t2n8rEEeHg6U6qsG%2BjKhiHHufUUjTJaBZv%2BGN2N10gdprDnrCVe%2BhvsFx2lpMbD8MOIs0olrxbHCqqrkLGturKeX2OkKg3AJ3tLdoYNFgugr76KoITgog%3D%3D%7Ctkp%3ABk9SR7rEk76yZQ
HP EliteBook 850 G7 Laptop 15.6‚Äù 4-Core i5-10210U 16GB RAM 512GB SSD Win 11 Pro,$325.16,https://www.ebay.com/itm/256696935158?_skw=laptop&itmmeta=01JP9Y4W81FZFAVV4RC9NCDM9Y&hash=item3bc45462f6:g:7WIAAOSwiKRnxrL9&itmprp=enc%3AAQAKAAAAwFkggFvd1GGDu0w3yXCmi1e%2BiKWc7GZ0PIg%2BKYMDacChtO2bvaX4HrSRDlaPt2DBvDa0Q5mIraR10mNDqWZop5vpMfBvbl%2B7fOt57urs1IdDrZ7HW%2FgvbDOH2dCz2VzpUNP3GhbyzBnKTzftBSgnWrrc4E506xlUo9dCrpAkUunbStuTODEiEVYb5BjH6HnsJZfcjNURgi6KD9GmWChU6pbL7eswJIdQtFq2afkC%2FD6pCI3qEFKnIpQCtcHxq%2BzsZg%3D%3D%7Ctkp%3ABk9SR7rEk76yZQ
"Lenovo LOQ-E 15.6"" FHD 144Hz Gaming Laptop i5-12450HX 8GB RAM 512GB SSD RTX 2050",$499.99,https://www.ebay.com/itm/126754097392?_skw=laptop&itmmeta=01JP9Y4W81N9K7Q7QZAJT2NGMN&hash=item1d832208f0:g:uzAAAOSw~pNncsDK&itmprp=enc%3AAQAKAAAAwFkggFvd1GGDu0w3yXCmi1czI8lR6jC5SQUilaHj6syrJAf18eCsjpN3OM7CUga0xVf2zn99Ua%2F6OyKGuJdw268zoCzSC3vc%2Ft5vW0Lrl352bHHzzufLhuLA8mqNxJUTK64f0k2ANSn5rahECnwJ4xcdfOmvLdYZlOzUwF3LIibubXUPTM9w%2BBsAyrvSWPIR0QzmW9LQzZnfw9nOUYeVilkKE4roUgc%2BQ1ud0iOEU2qeiM6XxuAQ41RDqB%2Bg0gY3zA%3D%3D%7Ctkp%3ABk9SR7rEk76yZQ
VAIO VJPG11C11N Sony Core 1.8Ghz RAM 8GB SSD 256GB Used Tested AC100V From Japan,$157.00,https://www.ebay.com/itm/375842881775?_skw=laptop&epid=28062520535&itmmeta=01JP9Y4W81PG68PG33499Q7MRH&hash=item5781fb40ef:g:LygAAOSw3IZnUPqU&itmprp=enc%3AAQAKAAAA4FkggFvd1GGDu0w3yXCmi1dK0AaGiJ%2FVRqGC3%2F0SfmP2yi3qH2eNKgymUHKWy0u%2FjVd1g7EBp6HA48C08BZaWcakRk2MkFvli2QixCe42Brs8XkRaonXpiHDTIhKaL2IhvTkuEFe17d3h%2BGg7TfpJxL%2B3ErpBuGYXNJtHbMzRs3BB3AJr%2FwqKAJS5klvxykHGZegpEe88Py5MDQ9xKcPhoJDiaKndQ8h8xGn%2BYNyYdptNeu5r2hFNgTzefLuP8Ey7%2BDjHiYrUIay4Q4i%2FyAOTKNtaxUrjCPKe10Y2T8jvli%2B%7Ctkp%3ABk9SR7rEk76yZQ
HP ProBook 450 G4 Laptop Computer 15‚Äù Core i5 16GB Ram 512GB SSD Windows 10 Pro,$253.72,https://www.ebay.com/itm/266431969246?_skw=laptop&itmmeta=01JP9Y4W81X76BJXG3S0SWB0YS&hash=item3e089537de:g:q7MAAOSwCSFlFvpV&itmprp=enc%3AAQAKAAAAwFkggFvd1GGDu0w3yXCmi1d8owLrNFf9oL%2Bs%2BKgrBbx5%2FVlKUZAXRheMCue49B3cSq44JFgDVtb3DITpEvxcUY%2FNlehfOWbPMKenW27HI3AB2VNZL8IHHRA4LJcFY34Jr6WCyALcKoXW6BQuvQjks9%2BrTAfGVqzqKMyYCuTnSWvFbTVc%2BeF459TTO%2FlXgOvNfJo1SvzF8Q%2BPpYUJyeb6FE8ur%2BTetZdS5dQLhvL69k%2Fa0eU7q0Xvx5JH7FR7BcOsTQ%3D%3D%7Ctkp%3ABk9SR7rEk76yZQ
"Lenovo 300e 11.6"" 2-in-1 Touchscreen Laptop Celeron 4GB RAM 64GB SSD Windows 10",$89.11,https://www.ebay.com/itm/254543733936?_skw=laptop&itmmeta=01JP9Y4W818254MYSNQT8YMA8E&hash=item3b43fd24b0:g:TDYAAOSwWaJnlERN&itmprp=enc%3AAQAKAAAA4FkggFvd1GGDu0w3yXCmi1cSGw5huhesNQPaVEeaDZflB4bhWRCdMN31DU0uoShXrsBQWjRP7YNBcd7pZ2Rb6jAOSPFZWM1CcYGwFTaZCqrm%2B3QJ3FXD4ccyCongw5kcsKrHWEpX54uQbxJW%2B9S6CCkh9w2M9OijHhT22dojSPb6eKscIJN2oo9pu%2Bif3cWYKdT48w9PIcaxNqdWFPC5YueRDqlEXl7ZA6wW8C3ZO36WJsVADDPBiIMKsIlbLo8eJcPlsaddC6mcksr1sQL%2FTm2b3igzPmdtBkM5Tdovg0Z0%7Ctkp%3ABk9SR7rEk76yZQ
Dell Latitude 7420 14'' FHD 256GB NVMe 11th Gen I5-1145G7 2.6GHz 8GB DDR4 Win11,$160.50,https://www.ebay.com/itm/256855868782?_skw=laptop&itmmeta=01JP9Y4W81KFVH35QXGAJQBS0F&hash=item3bcdcd856e:g:arwAAeSwLoFnycu6&itmprp=enc%3AAQAKAAAAwFkggFvd1GGDu0w3yXCmi1dtMQxj39FLWaDLxewyBcHOutgpFMCo34sVqI98tp8cRQSc0tWZ%2B09plNOxEHIvomr50P1Bq9ITb2DZczmTa3e4iz5NQyA4sirLN5KcqRumZWL3SdsNoJIn5wkte33Ui7tsXcJBV3fIKsMoqUhmhZfCgbjFVCGuVFFwGRvRYRiW%2FC%2FzNmLGZ2yADvtn3p1nDoyohvX%2FmR5h9IxAEJM0lbuXUswqQp3owZoVd1D90yp5Ag%3D%3D%7Ctkp%3ABk9SR7rEk76yZQ
HP Chromebook 13G1 Core M5. 8GB RAM 32GB SSD,$92.24,https://www.ebay.com/itm/167238098069?_skw=laptop&itmmeta=01JP9Y4W81XQB4M8RERWK3NRW4&hash=item26f02adc95:g:9woAAOSw~mBnfU35&itmprp=enc%3AAQAKAAAAwFkggFvd1GGDu0w3yXCmi1cpCpFXX9ccHEUPRIcpaO40mE8hyCdYPn1ERw%2B209%2FjPRwJwB3epbsZ1YQ7QBDMFn0IodWiINTVaHXblz29qq67bU4xUc9m7Ot7YA7N5n%2FP7VVUMyvwdJKCkZNTeNXk%2BU7DKf%2Bk0hKeO25lRId1Ur5PXWBA0mHBAUqeqrXUmemS%2FxpwfgE2Am9gj9DZRxflO0waAu%2FVdc9%2FTTnmtrD%2BO37Vl5DGxG5IRjZWKGitGwYMeg%3D%3D%7Ctkp%3ABk9SR7rEk76yZQ
"10.1"" PANASONIC TOUGHPAD FZ-G1 MK4 FZ-G1R0-53TE i5-6300U 2.40GHZ 4GB 128GB LTE",$90.60,https://www.ebay.com/itm/116301415327?_skw=laptop&itmmeta=01JP9Y4W8128Y6NJXZ2DXNRS26&hash=item1b141ac39f:g:uGMAAOSwkcNnWg8O&itmprp=enc%3AAQAKAAAA4FkggFvd1GGDu0w3yXCmi1cEucyu1V8NDmmLuRJ2E0HCaRS7eaxebt5V3%2B9TV9Ojyd0b0YWglHCZ9%2B3iCeOEhrFhpAmPz4UoUH90GzEsBI3m4PojPVe8a6o6GUdvS2xFyrQxSZxeERoVRMKt5%2FmNgQ5w74mddpUygrUDeOYoQBhsaeh0klYpracwMkLFtYOjbXIUxQMfL2PvJ0cQarP%2BIP05hDp%2BIbDHcxoNHo3LX6C3WC%2FU8Ffx4C8xenk7ZQG94NA%2FcXIjtXvFxkZ6ELElGMnK27dOeqByqUhPgwIc1Kgs%7Ctkp%3ABk9SR7rEk76yZQ
Dell Latitude E7470 14‚Äù Laptop Computer Core i5 16GB RAM 256GB SSD Windows 10,$163.37,https://www.ebay.com/itm/266791154945?_skw=laptop&itmmeta=01JP9Y4W81RE0DQ0DVQ40MRKF6&hash=item3e1dfdf501:g:X3sAAOSwMzRnz-bY&itmprp=enc%3AAQAKAAAAwFkggFvd1GGDu0w3yXCmi1cqERK0eX4JOZi6xzY7OrKPekT0CP6NET0Ox1Gs2Vi%2Ba7BIKTFBlPxS0rkLd218zyqULN%2F1tqchPLjxQdaZODZuXaNpd8Zb1btZRqjZVplMdp%2BU%2FkluAOw88tKI1LJtYSjpb8mA%2FXCCH%2Fl9WhwMYFex9n6rA0aaVxDn42EYOQjd6hqy%2BVB7TmTuyA9DGEmCw5i4ad5yEYxmNfboByhiyrwQURFVpyxbudiZdQAZHpaNug%3D%3D%7Ctkp%3ABk9SR7rEk76yZQ
2024 Dell Inspiron 15 Laptop 10-Core Intel i7 Upto 64GB RAM 2TB SSD Office Pro,$649.00,https://www.ebay.com/itm/146063232929?_skw=laptop&itmmeta=01JP9Y4W817Q6GK4KG2FN3YY56&hash=item22020c0fa1:g:~2AAAOSwGUFm-Kjr&itmprp=enc%3AAQAKAAAA4FkggFvd1GGDu0w3yXCmi1f8mWvBcxaYK8c4PFAceeVorc9BryrBifHe5J1owLKbTobX%2F3TXYSC%2FDFArfWFClbo8rLX7tbMqlYYGHwach%2BtkQRYu15t6ij0kosZUbY3jsX8UrkBq8F9JQNaDsTmSrG2QYuBFoYZH7i1ARdX056UAIjzvr5BhaKQqm%2Ba56JiEZAVgxGdPH7eBT6EhsE%2BD8UOpWvcvZn3EDlZrm9SJOH3o1hVT9OE6a%2B1o5Wyr79D0oD1nHCUQ5HcrbMZQDR7ax14VRQhGkdANCaQoZb%2B9Y6Ui%7Ctkp%3ABFBMusSTvrJl
No Title,$169.95,https://www.ebay.com/itm/115985099581?_skw=laptop&itmmeta=01JP9Y4W81CWTCS3FXBSZN9S23&hash=item1b01402b3d:g:4MAAAOSw5VBn0dnQ&itmprp=enc%3AAQAKAAAA4FkggFvd1GGDu0w3yXCmi1fbMPPFFWNmZYsv9iUkzvAQ1pTFXPXxjaOfeMfQQPQzEvJJrUkfZ%2BXamTAqAfvr3gUeYcKWoc8WVcvNGDIKhRMOgWZs%2BRFuz7gGg1uTjURexXKVTrLA6pncgbaNDUBreu4CjC2hbIjc1kXlHUEIaAIuCa%2FCweU8umruyikqXNCubySrCFb%2FGF61Al4kMqTQfAOPI%2Fa2Qkm3N%2FgOOeuEV%2FEXCd8xlbiIjusEcDox8cAXchwLkiNFWMfp%2B7qQF0pdsNqrcGV0eWk3vbWkGViLgIOC%7Ctkp%3ABFBMusSTvrJl
